topic,platform,postedAt
구내염_1,티스토리,2026-08-02T08:43:01.709Z
구내염_1,네이버 블로그,2026-08-02T08:43:02.292Z
구내염_1,틱톡,2026-08-02T08:49:25.681Z
구내염_1,쓰레드,2026-08-02T08:50:02.296Z
구내염_1,유튜브 쇼츠,2026-08-02T08:53:19.923Z
구내염_1,인스타그램 릴스,2026-08-02T08:53:21.323Z
구내염_1,네이버 클립,2026-08-02T08:54:28.404Z
구내염_1,인스타그램 카드뉴스,2026-08-02T08:54:32.021Z
통풍_1,네이버 블로그,2026-08-02T13:34:31.246Z
통풍_1,티스토리,2026-08-02T13:35:54.678Z
통풍_1,인스타그램 카드뉴스,2026-08-02T13:37:47.562Z
코골이_1,네이버 블로그,2026-08-02T13:40:45.545Z
코골이_1,티스토리,2026-08-02T14:05:48.134Z
코골이_1,인스타그램 카드뉴스,2026-08-02T14:07:36.625Z
이명_1,유튜브 쇼츠,2026-08-02T14:12:43.171Z
잇몸_1,페이스북,2026-08-03T08:58:27.624Z
잇몸_1,네이버 블로그,2026-08-03T09:18:36.786Z
잇몸_1,티스토리,2026-08-03T09:20:48.419Z
잇몸_1,쓰레드,2026-08-03T09:21:22.170Z
가슴쓰림_1_en,Instagram Reels,2026-08-04T00:00:00.000Z
가슴쓰림_1_ja,Instagram Reels,2026-08-04T00:00:00.000Z
허리_1_ko,페이스북,2026-08-04T02:08:52.214Z
허리_1_ko,네이버 블로그,2026-08-04T03:10:57.536Z
허리_1_ko,티스토리,2026-08-04T03:36:10.813Z
허리_1_ko,쓰레드,2026-08-04T03:37:04.879Z
허리_1_ko,인스타그램 릴스,2026-08-04T04:19:29.772Z
허리_1_ko,네이버 클립,2026-08-04T04:21:12.605Z
코골이_1,페이스북,2026-08-04T04:25:08.301Z
코골이_1,쓰레드,2026-08-04T04:26:05.635Z
장_2,페이스북,2026-08-04T04:37:07.811Z
장_2,쓰레드,2026-08-04T04:43:47.540Z
공복_1,페이스북,2026-08-04T04:49:44.806Z
골다공증_1,네이버 클립,2026-08-04T05:29:47.093Z
골다공증_1,인스타그램 릴스,2026-08-04T07:06:24.690Z
통풍_1,인스타그램 릴스,2026-08-04T10:47:45.627Z
통풍_1,네이버 클립,2026-08-04T10:50:08.228Z
관절_1_en,Instagram Reels,2026-08-04T11:07:08.446Z
관절_1_ja,Instagram Reels,2026-08-04T11:10:21.330Z
관절_1,인스타그램 릴스,2026-08-04T11:15:05.363Z
관절_1,네이버 블로그,2026-08-04T11:17:51.645Z
관절_1,티스토리,2026-08-04T11:19:47.527Z
관절_1,쓰레드,2026-08-04T11:19:52.394Z
